Trading_Session_Ahead,Forecast_Close_USD
1,54.849718475341795
2,54.849718475341795
3,54.849718475341795
4,54.849718475341795
5,54.849718475341795
6,54.849718475341795
7,54.849718475341795
8,54.849718475341795
9,54.849718475341795
10,54.849718475341795
11,54.849718475341795
12,54.849718475341795
13,54.849718475341795
14,54.849718475341795
15,54.849718475341795
16,54.849718475341795
17,54.849718475341795
18,54.849718475341795
19,54.849718475341795
20,54.849718475341795
21,54.849718475341795
22,54.849718475341795
23,54.849718475341795
24,54.849718475341795
25,54.849718475341795
26,54.849718475341795
27,54.849718475341795
28,54.849718475341795
29,54.849718475341795
30,54.849718475341795
31,54.849718475341795
32,54.849718475341795
33,54.849718475341795
34,54.849718475341795
35,54.849718475341795
36,54.849718475341795
37,54.849718475341795
38,54.849718475341795
39,54.849718475341795
40,54.849718475341795
41,54.849718475341795
42,54.849718475341795
43,54.849718475341795
44,54.849718475341795
45,54.849718475341795
46,54.849718475341795
47,54.849718475341795
48,54.849718475341795
49,54.849718475341795
50,54.849718475341795
51,54.849718475341795
52,54.849718475341795
53,54.849718475341795
54,54.849718475341795
55,54.849718475341795
56,54.849718475341795
57,54.849718475341795
58,54.849718475341795
59,54.849718475341795
60,54.849718475341795
